Chr,Start,End
7,107820766,107820766
10,18823118,18823118
5,75858342,75858342
1,215955400,215955400
10,103921902,103921902
15,51504527,51504527
5,75906878,75906878
3,37336509,37336509
7,55273086,55273086
10,97181773,97181773
7,107824933,107824933
19,8438646,8438646
22,38565367,38565367
22,38516888,38516888
1,158615114,158615114
11,108196047,108196047
9,116822533,116822533
1,52276031,52276031
21,27326979,27326979
5,140482367,140482367
6,32948407,32948407
5,140481876,140481876
1,23233449,23233449
16,71570716,71570716
19,50792831,50792831
11,65733983,65733983
7,36571909,36571909
10,97111048,97111048
1,216011439,216011439
10,97143847,97143847
2,219676971,219676971
12,9349718,9349718
1,230846251,230846251
11,113604471,113604471
20,62839649,62839649
4,100239949,100239949
5,140604606,140604606
7,55210102,55210102
12,118639252,118639252
17,1968866,1968866
17,7187350,7187350
7,55220349,55220349
11,108153603,108153603
1,218614600,218614600
2,219674423,219674423
14,96707677,96707677
12,21628447,21628447
1,32165424,32165424
12,9309938,9309938
22,44323042,44323042
2,219647056,219647056
1,202457666,202457666
21,36164834,36164834
6,160966558,160966558
12,118693291,118693291
2,29416307,29416307
3,171320960,171320960
17,38457850,38457850
17,29483109,29483109
3,171362712,171362712
13,52539048,52539048
1,158585171,158585171
4,3210535,3210535
6,42044948,42044948
10,26558065,26558065
22,39477217,39477217
6,161027620,161027620
19,828331,828331
14,89647121,89647121
5,75948599,75948599
1,216373405,216373405
6,160968823,160968823
1,216256917,216256917
6,44197339,44197339
4,100137322,100137322
17,79496230,79496230
3,155198945,155198945
22,36710225,36710225
17,7803295,7803295
9,99301421,99301421
1,216062274,216062274
8,67356627,67356627
22,39479866,39479866
7,48019089,48019089
19,43373084,43373084
22,36680275,36680275
1,20417111,20417111
15,85487844,85487844
9,125152576,125152576
1,186957563,186957563
2,227660777,227660777
11,125503234,125503234
22,35811891,35811891
2,98354293,98354293
1,156845901,156845901
X,9905377,9905377
1,158655115,158655115
19,8436190,8436190
1,114445423,114445423
17,7814850,7814850
19,43382122,43382122
20,48140627,48140627
1,160851925,160851925
6,32943853,32943853
10,18828340,18828340
1,79128419,79128419
4,100131283,100131283
5,96315087,96315087
8,67366374,67366374
12,21639446,21639446
14,95058568,95058568
6,45917083,45917083
16,18847261,18847261
1,161753840,161753840
1,230841749,230841749
5,89910784,89910784
17,31324782,31324782
2,29416157,29416157
4,100349052,100349052
5,89925235,89925235
5,89939702,89939702
6,160998277,160998277
10,34420423,34420423
12,21627889,21627889
22,44328870,44328870
2,227659841,227659841
7,150553850,150553850
13,35751209,35751209
16,10996598,10996598
1,179308668,179308668
2,219678828,219678828
3,108396420,108396420
12,6927631,6927631
12,104152923,104152923
13,52549234,52549234
15,40581499,40581499
15,85461828,85461828
19,50789904,50789904
12,117693826,117693826
13,96415910,96415910
10,96013948,96013948
11,65744142,65744142
17,74324920,74324920
1,156838333,156838333
3,121377175,121377175
3,196817888,196817888
10,95892019,95892019
19,7831075,7831075
19,43372429,43372429
22,35812389,35812389
22,36682799,36682799
12,9344824,9344824
1,79125064,79125064
12,21652503,21652503
1,158583604,158583604
1,216166497,216166497
19,50810310,50810310
3,196812562,196812562
5,140603373,140603373
X,9905243,9905243
6,36063793,36063793
15,93557995,93557995
13,48919246,48919246
1,20248865,20248865
1,153271682,153271682
4,100229021,100229021
5,140475212,140475212
12,53553459,53553459
13,52534412,52534412
20,48140696,48140696
1,156843514,156843514
15,51507312,51507312
1,158622275,158622275
11,27147215,27147215
1,202462266,202462266
9,104124970,104124970
1,12012777,12012777
4,100045615,100045615
12,53553998,53553998
12,118693338,118693338
15,85467271,85467271
22,35799487,35799487
22,44328930,44328930
10,97144031,97144031
12,117723115,117723115
4,153332477,153332477
1,158627464,158627464
9,21187025,21187025
12,104054503,104054503
5,89979833,89979833
1,202411679,202411679
5,35065513,35065513
5,75913949,75913949
11,65733685,65733685
17,76219646,76219646
7,2108927,2108927
20,23729763,23729763
14,96703491,96703491
5,90059182,90059182
3,127540645,127540645
13,52509155,52509155
15,40584641,40584641
3,2924838,2924838
19,50789785,50789785
5,89949605,89949605
20,62839672,62839672
9,21187428,21187428
11,108117787,108117787
17,31324523,31324523
1,114442885,114442885
1,158621236,158621236
1,160846462,160846462
1,154427032,154427032
1,230840034,230840034
1,23233263,23233263
1,158582637,158582637
1,216420190,216420190
4,100240016,100240016
5,89948228,89948228
3,123376274,123376274
1,158637704,158637704
3,130698145,130698145
6,33048707,33048707
14,96707675,96707675
4,3133113,3133113
11,100999579,100999579
13,31714379,31714379
2,219677022,219677022
6,110734638,110734638
15,60641300,60641300
6,160966559,160966559
18,61647120,61647120
3,155200344,155200344
1,32164127,32164127
6,45909349,45909349
7,39726270,39726270
10,34408649,34408649
7,150557707,150557707
10,97174316,97174316
13,48955458,48955458
1,230846446,230846446
4,3109095,3109095
3,108324270,108324270
5,140481477,140481477
9,125140732,125140732
12,117768154,117768154
17,76219611,76219611
4,103528817,103528817
19,830841,830841
3,121491422,121491422
5,89943443,89943443
11,108119823,108119823
13,28885760,28885760
19,8429328,8429328
5,90055259,90055259
X,9863944,9863944
11,128354963,128354963
1,202418250,202418250
5,140481132,140481132
3,37366882,37366882
5,140480658,140480658
5,90074869,90074869
11,65733957,65733957
5,140517069,140517069
22,19482035,19482035
16,3023185,3023185
2,234250961,234250961
20,61485507,61485507
5,147491402,147491402
1,161736197,161736197
19,50747534,50747534
1,215847490,215847490
5,75948620,75948620
7,108155377,108155377
22,44324767,44324767
11,65735168,65735168
5,125919644,125919644
4,100229016,100229016
3,121527826,121527826
1,27744825,27744825
5,89988549,89988549
12,9349714,9349714
16,71571658,71571658
12,114837349,114837349
2,234229468,234229468
1,23233346,23233346
20,23807162,23807162
1,12025600,12025600
17,2203109,2203109
20,29960701,29960701
1,160846458,160846458
20,23807093,23807093
X,9864406,9864406
5,89979568,89979568
5,140476283,140476283
9,21201831,21201831
22,39441093,39441093
3,155314114,155314114
3,15297787,15297787
3,108324261,108324261
9,133769023,133769023
5,125880710,125880710
5,89943581,89943581
5,7892937,7892937
5,89925169,89925169
17,29559093,29559093
1,20302201,20302201
22,44335885,44335885
1,215802247,215802247
1,153279597,153279597
22,36745146,36745146
11,108175463,108175463
22,44342175,44342175
16,18937330,18937330
5,140480475,140480475
9,99296250,99296250
16,18879528,18879528
5,140604419,140604419
13,36239272,36239272
5,89989802,89989802
5,89920969,89920969
X,9907369,9907369
9,133768966,133768966
12,6925294,6925294
12,53564257,53564257
7,139719829,139719829
11,108098576,108098576
5,140604621,140604621
9,125152621,125152621
1,111957370,111957370
5,140475665,140475665
19,48602951,48602951
10,18828486,18828486
7,36657926,36657926
1,20305003,20305003
17,76219685,76219685
13,31729776,31729776
5,90016778,90016778
22,44342174,44342174
3,113002475,113002475
6,108985893,108985893
19,50720949,50720949
19,39379770,39379770
6,152129399,152129399
X,9863426,9863426